Taxon_Clements,Taxon_BirdTree
Struthio camelus,Struthio camelus
Rhea americana,Rhea americana
Nothoprocta perdicaria,Nothoprocta perdicaria
Eudromia elegans,Eudromia elegans
Dromaius novaehollandiae,Dromaius novaehollandiae
Apteryx australis,Apteryx australis
Anser caerulescens,Chen caerulescens
Anser rossii,Chen rossii
Anser albifrons,Anser albifrons
Branta hutchinsii,Branta hutchinsii
Branta canadensis,Branta canadensis
Cygnus olor,Cygnus olor
Cygnus buccinator,Cygnus buccinator
Cygnus columbianus,Cygnus columbianus
Oressochen melanopterus,Chloephaga melanoptera
Alopochen aegyptiaca,Alopochen aegyptiaca
Aix sponsa,Aix sponsa
Spatula discors,Anas discors
Spatula cyanoptera,Anas cyanoptera
Spatula clypeata,Anas clypeata
Mareca strepera,Anas strepera
Mareca americana,Anas americana
Anas platyrhynchos,Anas platyrhynchos
Anas rubripes,Anas rubripes
Anas acuta,Anas acuta
Anas crecca,Anas crecca
Aythya valisineria,Aythya valisineria
Aythya americana,Aythya americana
Aythya ferina,Aythya ferina
Aythya collaris,Aythya collaris
Aythya fuligula,Aythya fuligula
Aythya marila,Aythya marila
Aythya affinis,Aythya affinis
Polysticta stelleri,Polysticta stelleri
Somateria spectabilis,Somateria spectabilis
Somateria mollissima,Somateria mollissima
Histrionicus histrionicus,Histrionicus histrionicus
Melanitta deglandi,Melanitta fusca
Bucephala albeola,Bucephala albeola
Bucephala clangula,Bucephala clangula
Bucephala islandica,Bucephala islandica
Lophodytes cucullatus,Lophodytes cucullatus
Mergus merganser,Mergus merganser
Mergus serrator,Mergus serrator
Oxyura leucocephala,Oxyura leucocephala
Ortalis poliocephala,Ortalis poliocephala
Penelopina nigra,Penelopina nigra
Mitu tuberosum,Mitu tuberosum
Oreortyx pictus,Oreortyx pictus
Colinus virginianus,Colinus virginianus
Callipepla californica,Callipepla californica
Callipepla gambelii,Callipepla gambelii
Pavo cristatus,Pavo cristatus
Alectoris chukar,Alectoris chukar
Tetraogallus himalayensis,Tetraogallus himalayensis
Pternistis erckelii,Francolinus erckelii
Francolinus francolinus,Francolinus francolinus
Ortygornis pondicerianus,Francolinus pondicerianus
Phasianus colchicus,Phasianus colchicus
Perdix perdix,Perdix perdix
Bonasa umbellus,Bonasa umbellus
Centrocercus urophasianus,Centrocercus urophasianus
Centrocercus minimus,Centrocercus minimus
Canachites canadensis,Dendragapus canadensis
Lagopus lagopus,Lagopus lagopus
Lagopus muta,Lagopus muta
Lagopus leucura,Lagopus leucura
Dendragapus obscurus,Dendragapus obscurus
Dendragapus fuliginosus,Dendragapus fuliginosus
Tympanuchus pallidicinctus,Tympanuchus pallidicinctus
Meleagris gallopavo,Meleagris gallopavo
Meleagris ocellata,Meleagris ocellata
Phoenicopterus roseus,Phoenicopterus roseus
Podiceps auritus,Podiceps auritus
Podiceps grisegena,Podiceps grisegena
Aechmophorus occidentalis,Aechmophorus occidentalis
Columba livia,Columba livia
Patagioenas fasciata,Patagioenas fasciata
Streptopelia decaocto,Streptopelia decaocto
Columbina passerina,Columbina passerina
Zenaida asiatica,Zenaida asiatica
Zenaida macroura,Zenaida macroura
Crotophaga major,Crotophaga major
Crotophaga sulcirostris,Crotophaga sulcirostris
Coccyzus americanus,Coccyzus americanus
Nyctidromus albicollis,Nyctidromus albicollis
Streptoprocne biscutata,Streptoprocne biscutata
Chaetura pelagica,Chaetura pelagica
Chaetura vauxi,Chaetura vauxi
Sappho sparganurus,Sappho sparganura
Metallura phoebe,Metallura phoebe
Heliodoxa rubinoides,Heliodoxa rubinoides
Lampornis clemenciae,Lampornis clemenciae
Calypte anna,Calypte anna
Selasphorus platycercus,Selasphorus platycercus
Trochilus polytmus,Trochilus polytmus
Opisthocomus hoazin,Opisthocomus hoazin
Rallus limicola,Rallus limicola
Fulica americana,Fulica americana
Aramus guarauna,Aramus guarauna
Antigone canadensis,Grus canadensis
Grus americana,Grus americana
Chionis albus,Chionis albus
Himantopus mexicanus,Himantopus mexicanus
Recurvirostra americana,Recurvirostra americana
Haematopus palliatus,Haematopus palliatus
Haematopus bachmani,Haematopus bachmani
Pluvialis squatarola,Pluvialis squatarola
Pluvialis fulva,Pluvialis fulva
Charadrius nivosus,Charadrius alexandrinus
Charadrius wilsonia,Charadrius wilsonia
Charadrius semipalmatus,Charadrius semipalmatus
Charadrius melodus,Charadrius melodus
Charadrius vociferus,Charadrius vociferus
Charadrius montanus,Charadrius montanus
Thinocorus rumicivorus,Thinocorus rumicivorus
Numenius tahitiensis,Numenius tahitiensis
Numenius americanus,Numenius americanus
Limosa lapponica,Limosa lapponica
Arenaria interpres,Arenaria interpres
Calidris canutus,Calidris canutus
Calidris himantopus,Calidris himantopus
Calidris alpina,Calidris alpina
Calidris ptilocnemis,Calidris ptilocnemis
Calidris maritima,Calidris maritima
Calidris bairdii,Calidris bairdii
Calidris minutilla,Calidris minutilla
Calidris pusilla,Calidris pusilla
Calidris mauri,Calidris mauri
Scolopax minor,Scolopax minor
Gallinago delicata,Gallinago gallinago
Phalaropus tricolor,Steganopus tricolor
Phalaropus lobatus,Phalaropus lobatus
Actitis macularius,Actitis macularius
Tringa semipalmata,Catoptrophorus semipalmatus
Tringa flavipes,Tringa flavipes
Stercorarius skua,Catharacta skua
Stercorarius parasiticus,Stercorarius parasiticus
Uria aalge,Uria aalge
Uria lomvia,Uria lomvia
Alca torda,Alca torda
Cepphus grylle,Cepphus grylle
Cepphus columba,Cepphus columba
Synthliboramphus antiquus,Synthliboramphus antiquus
Ptychoramphus aleuticus,Ptychoramphus aleuticus
Aethia pusilla,Aethia pusilla
Fratercula arctica,Fratercula arctica
Rissa tridactyla,Rissa tridactyla
Leucophaeus atricilla,Larus atricilla
Larus heermanni,Larus heermanni
Larus canus,Larus canus
Larus occidentalis,Larus occidentalis
Larus californicus,Larus californicus
Larus argentatus,Larus argentatus
Larus glaucescens,Larus glaucescens
Larus hyperboreus,Larus hyperboreus
Larus marinus,Larus marinus
Anous stolidus,Anous stolidus
Anous minutus,Anous minutus
Gygis alba,Gygis alba
Onychoprion fuscatus,Sterna fuscata
Onychoprion lunatus,Sterna lunata
Gelochelidon nilotica,Sterna nilotica
Hydroprogne caspia,Sterna caspia
Sterna dougallii,Sterna dougallii
Sterna hirundo,Sterna hirundo
Sterna paradisaea,Sterna paradisaea
Thalasseus maximus,Sterna maxima
Thalasseus sandvicensis,Sterna sandvicensis
Rynchops niger,Rynchops niger
Phaethon lepturus,Phaethon lepturus
Phaethon rubricauda,Phaethon rubricauda
Gavia arctica,Gavia arctica
Gavia immer,Gavia immer
Aptenodytes patagonicus,Aptenodytes patagonicus
Aptenodytes forsteri,Aptenodytes forsteri
Eudyptes schlegeli,Eudyptes schlegeli
Thalassarche chlororhynchos,Thalassarche chlororhynchos
Thalassarche chrysostoma,Thalassarche chrysostoma
Thalassarche bulleri,Thalassarche bulleri
Thalassarche cauta,Thalassarche cauta
Thalassarche melanophris,Thalassarche impavida
Phoebetria fusca,Phoebetria fusca
Phoebetria palpebrata,Phoebetria palpebrata
Diomedea exulans,Diomedea exulans
Phoebastria irrorata,Phoebastria irrorata
Phoebastria immutabilis,Phoebastria immutabilis
Phoebastria nigripes,Phoebastria nigripes
Phoebastria albatrus,Phoebastria albatrus
Oceanites oceanicus,Oceanites oceanicus
Hydrobates furcatus,Oceanodroma furcata
Hydrobates leucorhous,Oceanodroma leucorhoa
Hydrobates homochroa,Oceanodroma homochroa
Hydrobates castro,Oceanodroma castro
Macronectes giganteus,Macronectes giganteus
Macronectes halli,Macronectes halli
Fulmarus glacialis,Fulmarus glacialis
Fulmarus glacialoides,Fulmarus glacialoides
Pachyptila desolata,Pachyptila desolata
Bulweria bulwerii,Bulweria bulwerii
Calonectris diomedea,Calonectris diomedea
Ardenna pacifica,Puffinus pacificus
Puffinus nativitatis,Puffinus nativitatis
Puffinus puffinus,Puffinus puffinus
Puffinus gavia,Puffinus gavia
Puffinus lherminieri,Puffinus lherminieri
Ciconia maguari,Ciconia maguari
Ciconia ciconia,Ciconia ciconia
Mycteria americana,Mycteria americana
Fregata andrewsi,Fregata andrewsi
Sula dactylatra,Sula dactylatra
Sula nebouxii,Sula nebouxii
Sula leucogaster,Sula leucogaster
Sula sula,Sula sula
Morus bassanus,Morus bassanus
Urile penicillatus,Phalacrocorax penicillatus
Urile pelagicus,Phalacrocorax pelagicus
Phalacrocorax carbo,Phalacrocorax carbo
Nannopterum brasilianum,Phalacrocorax brasilianus
Nannopterum auritum,Phalacrocorax auritus
Pelecanus erythrorhynchos,Pelecanus erythrorhynchos
Pelecanus occidentalis,Pelecanus occidentalis
Balaeniceps rex,Balaeniceps rex
Botaurus stellaris,Botaurus stellaris
Ardea herodias,Ardea herodias
Egretta thula,Egretta thula
Egretta caerulea,Egretta caerulea
Egretta rufescens,Egretta rufescens
Bubulcus ibis,Bubulcus ibis
Butorides virescens,Butorides virescens
Nycticorax nycticorax,Nycticorax nycticorax
Nyctanassa violacea,Nyctanassa violacea
Eudocimus albus,Eudocimus albus
Plegadis falcinellus,Plegadis falcinellus
Platalea ajaja,Platalea ajaja
Gymnogyps californianus,Gymnogyps californianus
Coragyps atratus,Coragyps atratus
Pandion haliaetus,Pandion haliaetus
Gyps fulvus,Gyps fulvus
Aquila adalberti,Aquila adalberti
Aquila chrysaetos,Aquila chrysaetos
Rostrhamus sociabilis,Rostrhamus sociabilis
Ictinia mississippiensis,Ictinia mississippiensis
Circus hudsonius,Circus cyaneus
Accipiter striatus,Accipiter striatus
Accipiter cooperii,Accipiter cooperii
Accipiter gentilis,Accipiter gentilis
Milvus migrans,Milvus migrans
Haliaeetus leucocephalus,Haliaeetus leucocephalus
Parabuteo unicinctus,Parabuteo unicinctus
Geranoaetus albicaudatus,Buteo albicaudatus
Buteo plagiatus,Buteo nitidus
Buteo lineatus,Buteo lineatus
Buteo ridgwayi,Buteo ridgwayi
Buteo platypterus,Buteo platypterus
Buteo swainsoni,Buteo swainsoni
Buteo regalis,Buteo regalis
Tyto alba,Tyto alba
Megascops asio,Megascops asio
Bubo virginianus,Bubo virginianus
Bubo scandiacus,Bubo scandiaca
Glaucidium passerinum,Glaucidium passerinum
Glaucidium brasilianum,Glaucidium brasilianum
Micrathene whitneyi,Micrathene whitneyi
Athene cunicularia,Athene cunicularia
Strix occidentalis,Strix occidentalis
Strix varia,Strix varia
Strix nebulosa,Strix nebulosa
Asio otus,Asio otus
Asio flammeus,Asio flammeus
Aegolius funereus,Aegolius funereus
Colius striatus,Colius striatus
Trogon rufus,Trogon rufus
Upupa epops,Upupa epops
Tockus rufirostris,Tockus erythrorhynchus
Rhyticeros narcondami,Aceros narcondami
Corythornis cristatus,Alcedo cristata
Megaceryle alcyon,Megaceryle alcyon
Semnornis ramphastinus,Semnornis ramphastinus
Ramphastos sulfuratus,Ramphastos sulfuratus
Jynx torquilla,Jynx torquilla
Sphyrapicus thyroideus,Sphyrapicus thyroideus
Sphyrapicus varius,Sphyrapicus varius
Sphyrapicus nuchalis,Sphyrapicus nuchalis
Melanerpes erythrocephalus,Melanerpes erythrocephalus
Melanerpes formicivorus,Melanerpes formicivorus
Melanerpes aurifrons,Melanerpes aurifrons
Dryobates pubescens,Picoides pubescens
Dryobates borealis,Picoides borealis
Dryobates villosus,Picoides villosus
Dryobates albolarvatus,Picoides albolarvatus
Dryocopus pileatus,Dryocopus pileatus
Colaptes auratus,Colaptes auratus
Caracara plancus,Caracara plancus
Falco tinnunculus,Falco tinnunculus
Falco sparverius,Falco sparverius
Falco columbarius,Falco columbarius
Falco femoralis,Falco femoralis
Falco deiroleucus,Falco deiroleucus
Falco peregrinus,Falco peregrinus
Falco mexicanus,Falco mexicanus
Nymphicus hollandicus,Nymphicus hollandicus
Myiopsitta monachus,Myiopsitta monachus
Brotogeris versicolurus,Brotogeris versicolurus
Amazona vinacea,Amazona vinacea
Amazona finschi,Amazona finschi
Rhynchopsitta pachyrhyncha,Rhynchopsitta pachyrhyncha
Rhynchopsitta terrisi,Rhynchopsitta terrisi
Ara macao,Ara macao
Guaruba guarouba,Guaruba guarouba
Acanthisitta chloris,Acanthisitta chloris
Thamnophilus atrinucha,Thamnophilus atrinucha
Formicivora acutirostris,Stymphalornis acutirostris
Chiroxiphia linearis,Chiroxiphia linearis
Manacus manacus,Manacus manacus
Contopus cooperi,Contopus cooperi
Empidonax traillii,Empidonax traillii
Empidonax minimus,Empidonax minimus
Empidonax hammondii,Empidonax hammondii
Empidonax oberholseri,Empidonax oberholseri
Sayornis nigricans,Sayornis nigricans
Sayornis phoebe,Sayornis phoebe
Sayornis saya,Sayornis saya
Pyrocephalus rubinus,Pyrocephalus rubinus
Myiarchus crinitus,Myiarchus crinitus
Tyrannus verticalis,Tyrannus verticalis
Tyrannus tyrannus,Tyrannus tyrannus
Menura novaehollandiae,Menura novaehollandiae
Sericulus chrysocephalus,Sericulus chrysocephalus
Malurus splendens,Malurus splendens
Malurus cyaneus,Malurus cyaneus
Manorina melanophrys,Manorina melanophrys
Psophodes olivaceus,Psophodes olivaceus
Vireo atricapilla,Vireo atricapilla
Vireo latimeri,Vireo latimeri
Vireo bellii,Vireo bellii
Vireo solitarius,Vireo solitarius
Vireo olivaceus,Vireo olivaceus
Gymnorhina tibicen,Gymnorhina tibicen
Chasiempis sandwichensis,Chasiempis sandwichensis
Lanius ludovicianus,Lanius ludovicianus
Lanius borealis,Lanius excubitor
Perisoreus canadensis,Perisoreus canadensis
Psilorhinus morio,Cyanocorax morio
Cyanocorax yncas,Cyanocorax yncas
Cyanocorax sanblasianus,Cyanocorax sanblasianus
Gymnorhinus cyanocephalus,Gymnorhinus cyanocephalus
Cyanocitta cristata,Cyanocitta cristata
Aphelocoma coerulescens,Aphelocoma coerulescens
Aphelocoma insularis,Aphelocoma insularis
Aphelocoma californica,Aphelocoma californica
Aphelocoma wollweberi,Aphelocoma ultramarina
Pica hudsonia,Pica hudsonia
Pica nuttalli,Pica nuttalli
Nucifraga columbiana,Nucifraga columbiana
Corvus monedula,Corvus monedula
Corvus frugilegus,Corvus frugilegus
Corvus brachyrhynchos,Corvus brachyrhynchos
Corvus corax,Corvus corax
Chaetops frenatus,Chaetops frenatus
Periparus ater,Parus ater
Poecile carolinensis,Parus carolinensis
Poecile atricapillus,Parus atricapillus
Poecile gambeli,Parus gambeli
Poecile rufescens,Parus rufescens
Baeolophus inornatus,Baeolophus inornatus
Baeolophus ridgwayi,Baeolophus ridgwayi
Baeolophus bicolor,Baeolophus bicolor
Alauda arvensis,Alauda arvensis
Acrocephalus sechellensis,Acrocephalus sechellensis
Stelgidopteryx serripennis,Stelgidopteryx serripennis
Progne subis,Progne subis
Tachycineta bicolor,Tachycineta bicolor
Riparia riparia,Riparia riparia
Hirundo rustica,Hirundo rustica
Petrochelidon pyrrhonota,Petrochelidon pyrrhonota
Petrochelidon fulva,Petrochelidon fulva
Phylloscopus sibilatrix,Phylloscopus sibilatrix
Psaltriparus minimus,Psaltriparus minimus
Curruca nisoria,Sylvia nisoria
Chamaea fasciata,Chamaea fasciata
Zosterops japonicus,Zosterops japonicus
Corthylio calendula,Regulus calendula
Sitta canadensis,Sitta canadensis
Sitta carolinensis,Sitta carolinensis
Sitta pygmaea,Sitta pygmaea
Sitta pusilla,Sitta pusilla
Polioptila caerulea,Polioptila caerulea
Polioptila californica,Polioptila californica
Catherpes mexicanus,Catherpes mexicanus
Troglodytes aedon,Troglodytes aedon
Cistothorus palustris,Cistothorus palustris
Thryothorus ludovicianus,Thryothorus ludovicianus
Thryomanes bewickii,Thryomanes bewickii
Cyphorhinus phaeocephalus,Cyphorhinus phaeocephalus
Cinclus mexicanus,Cinclus mexicanus
Sturnus vulgaris,Sturnus vulgaris
Acridotheres tristis,Acridotheres tristis
Dumetella carolinensis,Dumetella carolinensis
Ramphocinclus brachyurus,Ramphocinclus brachyurus
Toxostoma rufum,Toxostoma rufum
Toxostoma lecontei,Toxostoma lecontei
Oreoscoptes montanus,Oreoscoptes montanus
Mimus polyglottos,Mimus polyglottos
Sialia sialis,Sialia sialis
Sialia mexicana,Sialia mexicana
Sialia currucoides,Sialia currucoides
Myadestes palmeri,Myadestes palmeri
Ixoreus naevius,Zoothera naevia
Catharus fuscescens,Catharus fuscescens
Catharus bicknelli,Catharus bicknelli
Hylocichla mustelina,Hylocichla mustelina
Turdus migratorius,Turdus migratorius
Oenanthe oenanthe,Oenanthe oenanthe
Bombycilla garrulus,Bombycilla garrulus
Bombycilla cedrorum,Bombycilla cedrorum
Phainopepla nitens,Phainopepla nitens
Estrilda astrild,Estrilda astrild
Taeniopygia guttata,Taeniopygia guttata
Vidua chalybeata,Vidua chalybeata
Passer domesticus,Passer domesticus
Passer montanus,Passer montanus
Motacilla tschutschensis,Motacilla flava
Motacilla alba,Motacilla alba
Anthus spragueii,Anthus spragueii
Fringilla montifringilla,Fringilla montifringilla
Coccothraustes coccothraustes,Coccothraustes coccothraustes
Paroreomyza montana,Paroreomyza montana
Loxioides bailleui,Loxioides bailleui
Palmeria dolei,Palmeria dolei
Himatione sanguinea,Himatione sanguinea
Drepanis coccinea,Vestiaria coccinea
Psittirostra psittacea,Psittirostra psittacea
Chlorodrepanis virens,Hemignathus virens
Loxops coccineus,Loxops coccineus
Haemorhous mexicanus,Carpodacus mexicanus
Haemorhous purpureus,Carpodacus purpureus
Haemorhous cassinii,Carpodacus cassinii
Acanthis flammea,Carduelis flammea
Loxia curvirostra,Loxia curvirostra
Loxia leucoptera,Loxia leucoptera
Spinus tristis,Carduelis tristis
Calcarius pictus,Calcarius pictus
Plectrophenax nivalis,Plectrophenax nivalis
Ammodramus savannarum,Ammodramus savannarum
Spizella pallida,Spizella pallida
Spizella pusilla,Spizella pusilla
Spizella breweri,Spizella breweri
Calamospiza melanocorys,Calamospiza melanocorys
Junco hyemalis,Junco hyemalis
Junco phaeonotus,Junco phaeonotus
Zonotrichia leucophrys,Zonotrichia leucophrys
Artemisiospiza belli,Amphispiza belli
Pooecetes gramineus,Pooecetes gramineus
Ammospiza maritima,Ammodramus maritimus
Ammospiza nelsoni,Ammodramus nelsoni
Ammospiza caudacuta,Ammodramus caudacutus
Passerculus sandwichensis,Passerculus sandwichensis
Melospiza melodia,Melospiza melodia
Melospiza georgiana,Melospiza georgiana
Melozone fusca,Pipilo fuscus
Melozone aberti,Pipilo aberti
Melozone crissalis,Pipilo crissalis
Pipilo erythrophthalmus,Pipilo erythrophthalmus
Icteria virens,Icteria virens
Xanthocephalus xanthocephalus,Xanthocephalus xanthocephalus
Dolichonyx oryzivorus,Dolichonyx oryzivorus
Sturnella neglecta,Sturnella neglecta
Sturnella magna,Sturnella magna
Icterus spurius,Icterus spurius
Icterus bullockii,Icterus bullockii
Icterus galbula,Icterus galbula
Icterus parisorum,Icterus parisorum
Agelaius phoeniceus,Agelaius phoeniceus
Agelaius tricolor,Agelaius tricolor
Agelaius xanthomus,Agelaius xanthomus
Molothrus aeneus,Molothrus aeneus
Molothrus ater,Molothrus ater
Euphagus cyanocephalus,Euphagus cyanocephalus
Quiscalus major,Quiscalus major
Quiscalus mexicanus,Quiscalus mexicanus
Seiurus aurocapilla,Seiurus aurocapilla
Parkesia motacilla,Seiurus motacilla
Parkesia noveboracensis,Seiurus noveboracensis
Vermivora chrysoptera,Vermivora chrysoptera
Protonotaria citrea,Protonotaria citrea
Limnothlypis swainsonii,Limnothlypis swainsonii
Leiothlypis virginiae,Vermivora virginiae
Setophaga citrina,Wilsonia citrina
Setophaga ruticilla,Setophaga ruticilla
Setophaga kirtlandii,Dendroica kirtlandii
Setophaga cerulea,Dendroica cerulea
Setophaga petechia,Dendroica petechia
Setophaga caerulescens,Dendroica caerulescens
Setophaga discolor,Dendroica discolor
Setophaga graciae,Dendroica graciae
Setophaga occidentalis,Dendroica occidentalis
Setophaga chrysoparia,Dendroica chrysoparia
Cardellina canadensis,Wilsonia canadensis
Cardellina pusilla,Wilsonia pusilla
Myioborus miniatus,Myioborus miniatus
Piranga rubra,Piranga rubra
Piranga olivacea,Piranga olivacea
Cardinalis cardinalis,Cardinalis cardinalis
Pheucticus ludovicianus,Pheucticus ludovicianus
Pheucticus melanocephalus,Pheucticus melanocephalus
Passerina caerulea,Passerina caerulea
Passerina amoena,Passerina amoena
Passerina cyanea,Passerina cyanea
Spiza americana,Spiza americana
Tangara fastuosa,Tangara fastuosa
Leipoa ocellata,Leipoa ocellata
Numida meleagris,Numida meleagris
Monias benschi,Monias benschi
Corcorax melanorhamphos,Corcorax melanorhamphos
Struthidea cinerea,Struthidea cinerea
Bucorvus abyssinicus,Bucorvus abyssinicus
Bucorvus leadbeateri,Bucorvus cafer
Penelopides panini,Penelopides panini
Lanius bucephalus,Lanius bucephalus
Lanius excubitoroides,Lanius excubitoroides
Lanius corvinus,Corvinella corvina
Emberiza citrinella,Emberiza citrinella
Emberiza cioides,Emberiza cioides
Prunella collaris,Prunella collaris
Prunella modularis,Prunella modularis
Philetairus socius,Philetairus socius
Ploceus capensis,Ploceus capensis
Ploceus xanthopterus,Ploceus xanthopterus
Ploceus velatus,Ploceus velatus
Ploceus philippinus,Ploceus philippinus
Euplectes orix,Euplectes orix
Rollandia microptera,Rollandia microptera
Podilymbus podiceps,Podilymbus podiceps
Podiceps cristatus,Podiceps cristatus
Anseranas semipalmata,Anseranas semipalmata
Scenopoeetes dentirostris,Scenopoeetes dentirostris
Amblyornis newtoniana,Prionodura newtoniana
Ptilonorhynchus violaceus,Ptilonorhynchus violaceus
Prionops plumatus,Prionops plumatus
Spheniscus demersus,Spheniscus demersus
Morus capensis,Morus capensis
Mycteria ibis,Mycteria ibis
Phoeniconaias minor,Phoeniconaias minor
Cyanochen cyanoptera,Cyanochen cyanoptera
Tadorna tadorna,Tadorna tadorna
Pteronetta hartlaubii,Pteronetta hartlaubii
Marmaronetta angustirostris,Marmaronetta angustirostris
Netta rufina,Netta rufina
Gypaetus barbatus,Gypaetus barbatus
Neophron percnopterus,Neophron percnopterus
Gyps africanus,Gyps africanus
Terathopius ecaudatus,Terathopius ecaudatus
Polyboroides typus,Polyboroides typus
Circus pygargus,Circus pygargus
Circus aeruginosus,Circus aeruginosus
Accipiter minullus,Accipiter minullus
Buteo rufofuscus,Buteo rufofuscus
Aquila rapax,Aquila rapax
Stephanoaetus coronatus,Stephanoaetus coronatus
Polihierax semitorquatus,Polihierax semitorquatus
Afropavo congensis,Afropavo congensis
Alectoris barbara,Alectoris barbara
Scleroptila afra,Francolinus africanus
Turnix sylvaticus,Turnix sylvaticus
Zapornia flavirostra,Amaurornis flavirostra
Gallinula chloropus,Gallinula chloropus
Bugeranus carunculatus,Grus carunculatus
Balearica pavonina,Balearica pavonina
Rostratula benghalensis,Rostratula benghalensis
Himantopus himantopus,Himantopus himantopus
Recurvirostra avosetta,Recurvirostra avosetta
Charadrius dubius,Charadrius dubius
Vanellus coronatus,Vanellus coronatus
Vanellus vanellus,Vanellus vanellus
Tringa totanus,Tringa totanus
Pterocles exustus,Pterocles exustus
Agapornis roseicollis,Agapornis roseicollis
Otus scops,Otus scops
Bubo bubo,Bubo bubo
Bubo africanus,Bubo africanus
Ketupa shelleyi,Bubo shelleyi
Athene noctua,Athene noctua
Strix aluco,Strix aluco
Apus apus,Apus apus
Apus melba,Tachymarptis melba
Merops bulocki,Merops bulocki
Phoeniculus purpureus,Phoeniculus purpureus
Tricholaema leucomelas,Tricholaema leucomelas
Lybius torquatus,Lybius torquatus
Trachyphonus darnaudii,Trachyphonus darnaudii
Indicator indicator,Indicator indicator
Geocolaptes olivaceus,Geocolaptes olivaceus
Eremopterix leucotis,Eremopterix leucotis
Pycnonotus capensis,Pycnonotus capensis
Saxicola torquatus,Saxicola torquatus
Oenanthe leucopyga,Oenanthe leucopyga
Turdus merula,Turdus merula
Turdus torquatus,Turdus torquatus
Muscicapa striata,Muscicapa striata
Platysteira tonsa,Platysteira tonsa
Platysteira peltata,Platysteira peltata
Lamprotornis pulcher,Lamprotornis pulcher
Lamprotornis bicolor,Spreo bicolor
Passer luteus,Passer luteus
Ploceus cucullatus,Ploceus cucullatus
Mandingoa nitidula,Mandingoa nitidula
Uraeginthus angolensis,Uraeginthus angolensis
Lagonosticta senegala,Lagonosticta senegala
Amadina fasciata,Amadina fasciata
Pterodroma arminjoniana,Pterodroma arminjoniana
Dendrocygna bicolor,Dendrocygna bicolor
Dendrocygna viduata,Dendrocygna viduata
Accipiter francesiae,Accipiter francesiae
Falco punctatus,Falco punctatus
Falco araeus,Falco araea
Dryolimnas cuvieri,Dryolimnas cuvieri
Thalasseus bergii,Sterna bergii
Onychoprion anaethetus,Sterna anaethetus
Nesoenas mayeri,Nesoenas mayeri
Psittacula krameri,Psittacula krameri
Psittacula eques,Psittacula eques
Lalage typica,Coracina typica
Hypsipetes crassirostris,Hypsipetes crassirostris
Monticola sharpei,Monticola sharpei
Terpsiphone corvina,Terpsiphone corvina
Dicrurus aldabranus,Dicrurus aldabranus
Foudia sechellarum,Foudia sechellarum
Foudia rubra,Foudia rubra
Lepidopygia nana,Lonchura nana
Lepidothrix coronata,Lepidothrix coronata
Chiroxiphia lanceolata,Chiroxiphia lanceolata
Pipra filicauda,Pipra filicauda
Hydrobates pelagicus,Hydrobates pelagicus
Gulosus aristotelis,Phalacrocorax aristotelis
Microcarbo africanus,Phalacrocorax africanus
Anhinga melanogaster,Anhinga melanogaster
Anhinga anhinga,Anhinga anhinga
Pelecanus onocrotalus,Pelecanus onocrotalus
Pelecanus crispus,Pelecanus crispus
Ixobrychus minutus,Ixobrychus minutus
Ardea alba,Casmerodius albus
Ardea cinerea,Ardea cinerea
Ardea purpurea,Ardea purpurea
Ciconia nigra,Ciconia nigra
Geronticus eremita,Geronticus eremita
Platalea leucorodia,Platalea leucorodia
Cygnus cygnus,Cygnus cygnus
Anser fabalis,Anser fabalis
Anser brachyrhynchus,Anser brachyrhynchus
Anser erythropus,Anser erythropus
Anser anser,Anser anser
Branta leucopsis,Branta leucopsis
Branta bernicla,Branta bernicla
Tadorna ferruginea,Tadorna ferruginea
Aix galericulata,Aix galericulata
Mareca penelope,Anas penelope
Spatula querquedula,Anas querquedula
Aythya nyroca,Aythya nyroca
Clangula hyemalis,Clangula hyemalis
Melanitta nigra,Melanitta nigra
Melanitta fusca,Melanitta fusca
Mergellus albellus,Mergellus albellus
Oxyura jamaicensis,Oxyura jamaicensis
Milvus milvus,Milvus milvus
Haliaeetus albicilla,Haliaeetus albicilla
Aegypius monachus,Aegypius monachus
Accipiter nisus,Accipiter nisus
Accipiter badius,Accipiter badius
Accipiter brevipes,Accipiter brevipes
Buteo buteo,Buteo buteo
Falco naumanni,Falco naumanni
Falco vespertinus,Falco vespertinus
Falco subbuteo,Falco subbuteo
Falco eleonorae,Falco eleonorae
Falco cherrug,Falco cherrug
Falco rusticolus,Falco rusticolus
Tetrastes bonasia,Bonasa bonasia
Lyrurus tetrix,Tetrao tetrix
Lyrurus mlokosiewiczi,Tetrao mlokosiewiczi
Tetrao urogallus,Tetrao urogallus
Tetraogallus caspius,Tetraogallus caspius
Alectoris graeca,Alectoris graeca
Alectoris rufa,Alectoris rufa
Pternistis bicalcaratus,Francolinus bicalcaratus
Coturnix coturnix,Coturnix coturnix
Chrysolophus pictus,Chrysolophus pictus
Chrysolophus amherstiae,Chrysolophus amherstiae
Rallus aquaticus,Rallus aquaticus
Porzana porzana,Porzana porzana
Zapornia parva,Porzana parva
Zapornia pusilla,Porzana pusilla
Crex crex,Crex crex
Fulica atra,Fulica atra
Grus grus,Grus grus
Anthropoides virgo,Grus virgo
Tetrax tetrax,Tetrax tetrax
Otis tarda,Otis tarda
Haematopus ostralegus,Haematopus ostralegus
Burhinus oedicnemus,Burhinus oedicnemus
Cursorius cursor,Cursorius cursor
Glareola pratincola,Glareola pratincola
Charadrius hiaticula,Charadrius hiaticula
Charadrius pecuarius,Charadrius pecuarius
Charadrius alexandrinus,Charadrius alexandrinus
Charadrius leschenaultii,Charadrius leschenaultii
Charadrius asiaticus,Charadrius asiaticus
Charadrius morinellus,Eudromias morinellus
Pluvialis apricaria,Pluvialis apricaria
Vanellus leucurus,Vanellus leucurus
Calidris alba,Calidris alba
Calidris temminckii,Calidris temminckii
Calidris pugnax,Philomachus pugnax
Scolopax rusticola,Scolopax rusticola
Limosa limosa,Limosa limosa
Numenius phaeopus,Numenius phaeopus
Numenius arquata,Numenius arquata
Tringa stagnatilis,Tringa stagnatilis
Tringa nebularia,Tringa nebularia
Actitis hypoleucos,Actitis hypoleucos
Phalaropus fulicarius,Phalaropus fulicarius
Ichthyaetus melanocephalus,Larus melanocephalus
Hydrocoloeus minutus,Larus minutus
Chroicocephalus ridibundus,Larus ridibundus
Larus fuscus,Larus fuscus
Cettia cetti,Cettia cetti
Cisticola juncidis,Cisticola juncidis
Calandrella brachydactyla,Calandrella brachydactyla
Prinia gracilis,Prinia gracilis
Cecropis daurica,Hirundo daurica
Delichon urbicum,Delichon urbicum
Anthus pratensis,Anthus pratensis
Sternula albifrons,Sterna albifrons
Motacilla citreola,Motacilla citreola
Motacilla cinerea,Motacilla cinerea
Curruca melanocephala,Sylvia melanocephala
Chlidonias leucopterus,Chlidonias leucopterus
Cinclus cinclus,Cinclus cinclus
Erithacus rubecula,Erithacus rubecula
Pterocles orientalis,Pterocles orientalis
Luscinia megarhynchos,Luscinia megarhynchos
Luscinia svecica,Luscinia svecica
Tarsiger cyanurus,Tarsiger cyanurus
Columba oenas,Columba oenas
Phylloscopus trochilus,Phylloscopus trochilus
Columba palumbus,Columba palumbus
Phoenicurus ochruros,Phoenicurus ochruros
Phoenicurus phoenicurus,Phoenicurus phoenicurus
Streptopelia turtur,Streptopelia turtur
Clamator glandarius,Clamator glandarius
Saxicola rubetra,Saxicola rubetra
Cuculus canorus,Cuculus canorus
Oenanthe isabellina,Oenanthe isabellina
Calcarius lapponicus,Calcarius lapponicus
Oenanthe leucura,Oenanthe leucura
Emberiza cirlus,Emberiza cirlus
Emberiza hortulana,Emberiza hortulana
Strix uralensis,Strix uralensis
Emberiza schoeniclus,Emberiza schoeniclus
Caprimulgus europaeus,Caprimulgus europaeus
Emberiza calandra,Miliaria calandra
Turdus philomelos,Turdus philomelos
Alcedo atthis,Alcedo atthis
Garrulus glandarius,Garrulus glandarius
Ceryle rudis,Ceryle rudis
Perisoreus infaustus,Perisoreus infaustus
Merops apiaster,Merops apiaster
Cyanopica cyanus,Cyanopica cyanus
Coracias garrulus,Coracias garrulus
Pica pica,Pica pica
Panurus biarmicus,Panurus biarmicus
Nucifraga caryocatactes,Nucifraga caryocatactes
Ficedula hypoleuca,Ficedula hypoleuca
Pyrrhocorax graculus,Pyrrhocorax graculus
Pyrrhocorax pyrrhocorax,Pyrrhocorax pyrrhocorax
Argya squamiceps,Turdoides squamiceps
Aegithalos caudatus,Aegithalos caudatus
Poecile palustris,Parus palustris
Corvus corone,Corvus corone
Picus viridis,Picus viridis
Poecile montanus,Parus montanus
Lophophanes cristatus,Parus cristatus
Cyanistes caeruleus,Parus caeruleus
Sturnus unicolor,Sturnus unicolor
Parus major,Parus major
Tichodroma muraria,Tichodroma muraria
Ploceus manyar,Ploceus manyar
Cinnyris osea,Nectarinia osea
Fringilla coelebs,Fringilla coelebs
Fringilla teydea,Fringilla teydea
Chloris chloris,Carduelis chloris
Spinus spinus,Carduelis spinus
Linaria cannabina,Carduelis cannabina
Carpodacus erythrinus,Carpodacus erythrinus
Carpodacus synoicus,Carpodacus synoicus
Carpodacus rubicilla,Carpodacus rubicilla
Pyrrhula pyrrhula,Pyrrhula pyrrhula
Pygoscelis adeliae,Pygoscelis adeliae
Pygoscelis antarcticus,Pygoscelis antarcticus
Eudyptes pachyrhynchus,Eudyptes pachyrhynchus
Megadyptes antipodes,Megadyptes antipodes
Eudyptula minor,Eudyptula minor
Diomedea epomophora,Diomedea epomophora
Daption capense,Daption capense
Pterodroma macroptera,Pterodroma macroptera
Procellaria westlandica,Procellaria westlandica
Procellaria parkinsoni,Procellaria parkinsoni
Pachyptila turtur,Pachyptila turtur
Ardenna grisea,Puffinus griseus
Ardenna tenuirostris,Puffinus tenuirostris
Puffinus huttoni,Puffinus huttoni
Pelagodroma marina,Pelagodroma marina
Pelecanoides urinatrix,Pelecanoides urinatrix
Morus serrator,Morus serrator
Phalacrocorax varius,Phalacrocorax varius
Phalacrocorax punctatus,Phalacrocorax punctatus
Leucocarbo georgianus,Phalacrocorax atriceps
Leucocarbo chalconotus,Phalacrocorax chalconotus
Nycticorax caledonicus,Nycticorax caledonicus
Dendrocygna arcuata,Dendrocygna arcuata
Oxyura australis,Oxyura australis
Cygnus atratus,Cygnus atratus
Cereopsis novaehollandiae,Cereopsis novaehollandiae
Tadorna variegata,Tadorna variegata
Tadorna tadornoides,Tadorna tadornoides
Nettapus coromandelianus,Nettapus coromandelianus
Hymenolaimus malacorhynchos,Hymenolaimus malacorhynchos
Anas gracilis,Anas gracilis
Anas castanea,Anas castanea
Anas superciliosa,Anas superciliosa
Spatula rhynchotis,Anas rhynchotis
Elanus scriptus,Elanus scriptus
Haliaeetus leucogaster,Haliaeetus leucogaster
Circus assimilis,Circus assimilis
Circus approximans,Circus approximans
Accipiter fasciatus,Accipiter fasciatus
Aquila audax,Aquila audax
Falco berigora,Falco berigora
Falco cenchroides,Falco cenchroides
Falco novaeseelandiae,Falco novaeseelandiae
Alectura lathami,Alectura lathami
Coturnix pectoralis,Coturnix pectoralis
Synoicus chinensis,Coturnix chinensis
Turnix melanogaster,Turnix melanogaster
Turnix velox,Turnix velox
Antigone rubicunda,Grus rubicunda
Gallirallus philippensis,Gallirallus philippensis
Gallirallus australis,Gallirallus australis
Gallirallus sylvestris,Gallirallus sylvestris
Porphyrio melanotus,Porphyrio porphyrio
Gallinula tenebrosa,Gallinula tenebrosa
Tribonyx mortierii,Gallinula mortierii
Ardeotis australis,Ardeotis australis
Pedionomus torquatus,Pedionomus torquatus
Chionis minor,Chionis minor
Haematopus longirostris,Haematopus longirostris
Haematopus finschi,Haematopus finschi
Haematopus chathamensis,Haematopus chathamensis
Haematopus unicolor,Haematopus unicolor
Himantopus novaezelandiae,Himantopus novaezelandiae
Charadrius obscurus,Charadrius obscurus
Charadrius bicinctus,Charadrius bicinctus
Thinornis novaeseelandiae,Thinornis novaeseelandiae
Anarhynchus frontalis,Anarhynchus frontalis
Vanellus miles,Vanellus miles
Coenocorypha aucklandica,Coenocorypha aucklandica
Calidris ferruginea,Calidris ferruginea
Stercorarius maccormicki,Catharacta maccormicki
Larus pacificus,Larus pacificus
Larus dominicanus,Larus dominicanus
Chroicocephalus novaehollandiae,Larus novaehollandiae
Chroicocephalus bulleri,Larus bulleri
Sterna striata,Sterna striata
Chlidonias albostriatus,Sterna albostriata
Streptopelia senegalensis,Stigmatopelia senegalensis
Geophaps scripta,Geophaps scripta
Geopelia cuneata,Geopelia cuneata
Calyptorhynchus banksii,Calyptorhynchus banksii
Calyptorhynchus lathami,Calyptorhynchus lathami
Zanda funerea,Calyptorhynchus funereus
Zanda latirostris,Calyptorhynchus latirostris
Zanda baudinii,Calyptorhynchus baudinii
Callocephalon fimbriatum,Callocephalon fimbriatum
Eolophus roseicapilla,Cacatua roseicapilla
Cacatua pastinator,Cacatua pastinator
Lophochroa leadbeateri,Cacatua leadbeateri
Trichoglossus haematodus,Trichoglossus haematodus
Trichoglossus chlorolepidotus,Trichoglossus chlorolepidotus
Psitteuteles versicolor,Psitteuteles versicolor
Glossopsitta concinna,Glossopsitta concinna
Parvipsitta pusilla,Glossopsitta pusilla
Parvipsitta porphyrocephala,Glossopsitta porphyrocephala
Eclectus roratus,Eclectus roratus
Alisterus scapularis,Alisterus scapularis
Aprosmictus erythropterus,Aprosmictus erythropterus
Polytelis swainsonii,Polytelis swainsonii
Polytelis anthopeplus,Polytelis anthopeplus
Polytelis alexandrae,Polytelis alexandrae
Platycercus caledonicus,Platycercus caledonicus
Platycercus elegans,Platycercus elegans
Platycercus eximius,Platycercus eximius
Platycercus icterotis,Platycercus icterotis
Purpureicephalus spurius,Purpureicephalus spurius
Northiella haematogaster,Northiella haematogaster
Lathamus discolor,Lathamus discolor
Psephotus varius,Psephotus varius
Psephotus chrysopterygius,Psephotus chrysopterygius
Psephotus dissimilis,Psephotus dissimilis
Cyanoramphus unicolor,Cyanoramphus unicolor
Cyanoramphus novaezelandiae,Cyanoramphus novaezelandiae
Cyanoramphus auriceps,Cyanoramphus auriceps
Melopsittacus undulatus,Melopsittacus undulatus
Neophema bourkii,Neopsephotus bourkii
Neophema petrophila,Neophema petrophila
Neophema chrysogaster,Neophema chrysogaster
Neophema pulchella,Neophema pulchella
Neophema splendida,Neophema splendida
Nestor notabilis,Nestor notabilis
Nestor meridionalis,Nestor meridionalis
Strigops habroptila,Strigops habroptila
Ninox strenua,Ninox strenua
Ninox connivens,Ninox connivens
Ninox novaeseelandiae,Ninox novaeseelandiae
Tyto tenebricosa,Tyto tenebricosa
Tyto capensis,Tyto capensis
Podargus strigoides,Podargus strigoides
Dacelo novaeguineae,Dacelo novaeguineae
Dacelo leachii,Dacelo leachii
Xenicus gilviventris,Xenicus gilviventris
Erythropitta erythrogaster,Pitta erythrogaster
Atrichornis clamosus,Atrichornis clamosus
Cormobates leucophaea,Cormobates leucophaea
Climacteris picumnus,Climacteris picumnus
Climacteris rufus,Climacteris rufus
Malurus pulcherrimus,Malurus pulcherrimus
Malurus elegans,Malurus elegans
Manorina melanocephala,Manorina melanocephala
Lichenostomus melanops,Lichenostomus melanops
Melithreptus gularis,Melithreptus gularis
Melithreptus lunatus,Melithreptus lunatus
Notiomystis cincta,Notiomystis cincta
Phylidonyris novaehollandiae,Phylidonyris novaehollandiae
Anthornis melanura,Anthornis melanura
Prosthemadera novaeseelandiae,Prosthemadera novaeseelandiae
Epthianura albifrons,Epthianura albifrons
Pardalotus striatus,Pardalotus striatus
Sericornis frontalis,Sericornis frontalis
Pyrrholaemus sagittatus,Chthonicola sagittatus
Gerygone igata,Gerygone igata
Gerygone palpebrosa,Gerygone palpebrosa
Acanthiza pusilla,Acanthiza pusilla
Petroica macrocephala,Petroica macrocephala
Petroica goodenovii,Petroica goodenovii
Petroica phoenicea,Petroica phoenicea
Petroica australis,Petroica australis
Petroica traversi,Petroica traversi
Melanodryas cucullata,Melanodryas cucullata
Eopsaltria australis,Eopsaltria australis
Eopsaltria georgiana,Eopsaltria georgiana
Pomatostomus temporalis,Pomatostomus temporalis
Pomatostomus superciliosus,Pomatostomus superciliosus
Mohoua albicilla,Mohoua albicilla
Mohoua novaeseelandiae,Mohoua novaeseelandiae
Pachycephala rufiventris,Pachycephala rufiventris
Colluricincla harmonica,Colluricincla harmonica
Grallina cyanoleuca,Grallina cyanoleuca
Rhipidura fuliginosa,Rhipidura fuliginosa
Coracina maxima,Coracina maxima
Artamus leucorynchus,Artamus leucorynchus
Corvus coronoides,Corvus coronoides
Corvus tasmanicus,Corvus tasmanicus
Corvus mellori,Corvus mellori
Corvus bennetti,Corvus bennetti
Corvus orru,Corvus orru
Philesturnus carunculatus,Philesturnus carunculatus
Neochmia phaeton,Neochmia phaeton
Padda oryzivora,Padda oryzivora
Zosterops lateralis,Zosterops lateralis
Chauna torquata,Chauna torquata
Phaethornis superciliosus,Phaethornis superciliosus
